Workbook

Sheet Sheet1
A1: Y | B1: Z | D1: Area | E1: between | F1: and
A2: 0 | B2: 10 | E2: 0 | F2: 5 | G2: =((A5-A3)+0)/2*(F2-E2) -> 249.975 | H2: sec2
A3: 0.01 | B3: 5 | E3: 5 | F3: 10 | G3: =((A5-A3)+(A6-A2))/2*(F3-E3) -> 500 | H3: width | I3: =A6-(A5-A3) -> 0.02 | J3: tan theta | K3: =ATAN(I3/I4) -> 0.0039999787
A4: 10 | B4: 0 | E4: 10 | F4: 10.170808 | G4: =((A6-A2)+((A6+(F4-E4)*200)-A2))/2*(F4-E4) -> 19.999998 | H4: depth | I4: 5 | J4: depth | K4: =Sheet2!G17-5 -> 1.1429453
A5: 100 | B5: 5 | J5: width | K5: =TAN(K3)*K4 -> 0.0045717813
A6: 100.01 | B6: 10 | J6: new total flow width | K6: =A5-A3+K5 -> 99.994572
A7: 500 | B7: 12 | J7: Area per sec | K7: Total Area
H8: sec1 | I8: =(A5-A3) -> 99.99 | J8: =(I8*F2)/2 -> 249.975 | K8: =J8 -> 249.975
A9: Precip | B9: 0.001 | C9: m/h | H9: sec2 | I9: =K5 -> 0.0045717813 | J9: =(I9*K4)/2 -> 0.002612648 | K9: =J10+J9 -> 114.28571
A10: Total/m2 | B10: =B9*24*10 -> 0.24 | C10: m | H10: sec3 | I10: =A5-A3 -> 99.99 | J10: =I10*K4 -> 114.2831
A11: Total/CS | B11: =B10*500 -> 120 | C11: m2

Sheet Sheet2
A1: Sub-model | B1: length (m) | C1: avg width (m) | D1: total precip (m3) | E1: initial volume (m3) | F1: initial volume (m3) with additional grid point | H1: model total precip (m3) | I1: model initial volume (m3) | K1: Difference
A2: T1 | B2: 10000 | C2: 100 | D2: =C2*B2*Sheet1!$B$10 -> 240000 | E2: =C2*B2*5 -> 5000000 | F2: =(B2+500)*C2*5 -> 5250000 | H2: 240000 | I2: 5250000 | K2: =D2-H2 -> 0 | L2: 0
A3: T2 | B3: 10000 | C3: =(100+500)/2 -> 300 | D3: =C3*B3*Sheet1!$B$10 -> 720000 | E3: =C3*B3*5 -> 15000000 | F3: =(B3+500)*C3*5 -> 15750000 | H3: 720000 | I3: 15750000 | K3: =D3-H3 -> 0 | L3: 0
A4: T3 | B4: 10000 | C4: =(100+500)/2 -> 300 | D4: =C4*B4*Sheet1!$B$10 -> 720000 | E4: =B4*(L24+(10+50)/2)*5/2 -> 4875000 | F4: =(B4+500)*(L24+(10+50)/2)*5/2 -> 5118750 | H4: 720000 | I4: 5118750 | K4: =D4-H4 -> 0 | L4: =F4-I4 -> 0
A5: T4 | B5: 10000 | C5: =(100+500)/2 -> 300 | D5: =C5*B5*Sheet1!$B$10 -> 720000 | E5: =B5*C5*5/2 -> 7500000 | F5: =(B5+500)*Q22*5/2 -> 3937500 | H5: 720000 | I5: 3937500 | K5: =D5-H5 -> 0 | L5: 0
A6: T5 | B6: 10000 | C6: 500 | D6: =C6*B6*Sheet1!$B$10 -> 1200000 | E6: =B6*Sheet1!G2 -> 2499750 | F6: =(B6+500)*Sheet1!G2 -> 2624737.5 | H6: 1200000 | I6: 2624737.5 | K6: =D6-H6 -> 0 | L6: =F6-I6 -> 0
A7: T6 | B7: 15000 | C7: 100 | D7: =C7*B7*Sheet1!$B$10 -> 360000 | E7: =C7*B7*5 -> 7500000 | F7: =(B7+750)*C7*5 -> 7875000 | H7: 360000 | I7: 7875000 | K7: =D7-H7 -> 0 | L7: =F7-I7 -> 0
D8: =SUM(D2:D7) -> 3960000 | E8: =SUM(E2:E7) -> 42374750 | F8: =SUM(F2:F7) -> 40555988 | H8: =SUM(H2:H7) -> 3960000 | I8: =SUM(I2:I7) -> 40555988 | K8: =D8-H8 -> 0 | L8: =F8-I8 -> 0
D12: Sub-model | E12: Total volume (m3) | F12: Area (m2) | G12: h (m) | H12: Modelled h(m) | I12: Difference (m)
D13: T1 | E13: =D2+F2 -> 5490000 | F13: =(B2+500)*C2 -> 1050000 | G13: =E13/F13 -> 5.2285714 | H13: 5.2285714 | I13: =G13-H22 -> 0
D14: T2 | E14: =D3+F3 -> 16470000 | F14: =(B3+500)*C3 -> 3150000 | G14: =E14/F14 -> 5.2285714 | H14: 5.2285714 | I14: =G14-H22 -> 0
D15: T3 | E15: =D4+F4 -> 5838750 | F15: =(B4+500)*(L34+(10+50)/2) -> 2161563.4 | G15: =E15*2/F15 -> 5.4023399 | H15: 5.4023399 | I15: =G15-H23 -> 0
D16: T4 | E16: =D5+F5 -> 4657500 | F16: =(B5+500)*Q31 -> 1712958 | G16: =E16*2/F16 -> 5.4379618 | H16: 5.4379618 | I16: =G16-H24 -> 0 | L16: Initial
D17: T5 | E17: =D6+F6 -> 3824737.5 | F17: =(Sheet1!K9+Sheet1!K8) -> 364.26071 | G17: =E21+F21 -> 6.1429453 | H17: =6.142945313 -> 6.1429453 | I17: =G17-H17 -> 0 | L17: T3 | Q17: Initial
D18: T6 | E18: =D7+F7 -> 8235000 | F18: =(B7+750)*C7 -> 1575000 | G18: =E18/F18 -> 5.2285714 | H18: 5.2285714 | I18: =G18-H18 -> -4.2857096e-10 | L18: for the 500 width | N18: for the 100 width | Q18: T4
K19: 225 | L19: =K19*2 -> 450 | M19: 45 | N19: =M19*2 -> 90 | P19: =ATAN(90/10) -> 1.4601391 | Q19: =TAN(P19)*5 -> 45 | R19: =ATAN(400/10) -> 1.5458015 | S19: =TAN(R19)*5 -> 200
E20: depth sec1 | F20: depth sec2 | G20: Total volume (m3) | K20: 10 | L20: =K19/K20 -> 22.5 | M20: 10 | N20: =M19/M20 -> 4.5 | P20: =ATAN(10/10) -> 0.78539816 | Q20: =TAN(P20)*5 -> 5 | R20: =ATAN(100/10) -> 1.4711277 | S20: =TAN(R20)*5 -> 50
D21: T5 | E21: 5 | F21: 1.1429453 | G21: =F17*(B6+500) -> 3824737.5 | K21: tan theta | L21: =ATAN(L20) -> 1.5263811 | M21: 5 | N21: =ATAN(N20) -> 1.3521274 | Q21: =Q20+Q19 -> 50 | S21: =SUM(S19:S20) -> 250
H22: 5.2285714 | K22: x | L22: =TAN(L21)*M21 -> 112.5 | M22: x | N22: =TAN(N21)*M21 -> 22.5 | P22: average width at 5 | Q22: =(Q21+S21)/2 -> 150
H23: 5.4023399 | K23: width at 5 | L23: =L22*2+50 -> 275 | M23: width at 5 | N23: =N22*2+10 -> 55
H24: 5.4379618 | K24: average width at 5 | L24: =(L23+N23)/2 -> 165
L26: Final | Q26: Final
L27: T3 | Q27: T4
L28: for the 500 width | N28: for the 100 width | P28: =ATAN(90/10) -> 1.4601391 | Q28: =TAN(P28)*5.4379618035 -> 48.941656 | R28: =ATAN(400/10) -> 1.5458015 | S28: =TAN(R28)*5.4379618035 -> 217.51847
K29: 225 | L29: =K29*2 -> 450 | M29: 45 | N29: =M29*2 -> 90 | P29: =ATAN(10/10) -> 0.78539816 | Q29: =TAN(P29)*5.4379618035 -> 5.4379618 | R29: =ATAN(100/10) -> 1.4711277 | S29: =TAN(R29)*5.4379618035 -> 54.379618
K30: 10 | L30: =K29/K30 -> 22.5 | M30: 10 | N30: =M29/M30 -> 4.5 | Q30: =Q29+Q28 -> 54.379618 | S30: =SUM(S28:S29) -> 271.89809
K31: tan theta | L31: =ATAN(L30) -> 1.5263811 | M31: 5.4023399 | N31: =ATAN(N30) -> 1.3521274 | P31: average width at 5 | Q31: =(Q30+S30)/2 -> 163.13885
K32: x | L32: =TAN(L31)*M31 -> 121.55265 | M32: x | N32: =TAN(N31)*M31 -> 24.31053
K33: width at 5.4023399016 | L33: =L32*2+50 -> 293.1053 | M33: width at 5.4023399016 | N33: =N32*2+10 -> 58.621059
K34: average width at 5.4023399016 | L34: =(L33+N33)/2 -> 175.86318

Sheet Sheet4
A2: Sub-model | B2: Total analytical precip (m3) | C2: Initial volume (m3) with additional grid point | D2: Model total precip (m3) | E2: Model initial volume (m3) | F2: Analytical water level (m) | G2: Modelled water level(m) | H2: Model precip -analytical precip (m3) | I2: Model initial volume - analytical volume (m3/) | J2: Model water level -analytical water level | N2: models | O2: Model total precip (m3) | P2: Model Total volume (m3) | Q2: Modelled water level(m) | R2: Total analytical precip (m3) | S2: Analytical total volume (m3) with additional grid point | T2: Analytical water level (m) | U2: Model water level -analytical water level
A3: T1 | B3: 240000 | C3: 5250000 | D3: 240000 | E3: 5250000 | F3: 5.2285714 | G3: 5.2285714 | H3: 0 | I3: 0 | J3: 0 | N3: T1 | O3: 240000 | P3: 5490000 | Q3: 5.2285714 | R3: 240000 | S3: 5490000 | T3: 5.2285714 | U3: 0
A4: T2 | B4: 720000 | C4: 15750000 | D4: 720000 | E4: 15750000 | F4: 5.2285714 | G4: 5.2285714 | H4: 0 | I4: 0 | J4: 0 | N4: T2 | O4: 720000 | P4: 16470000 | Q4: 5.2285714 | R4: 720000 | S4: 16470000 | T4: 5.2285714 | U4: 0
A5: T3 | B5: 720000 | C5: 5118750 | D5: 720000 | E5: 5118750 | F5: 5.4023399 | G5: 5.4023399 | H5: 0 | I5: 0 | J5: 0 | N5: T3 | O5: 720000 | P5: 5838750 | Q5: 5.4023399 | R5: 720000 | S5: 5838750 | T5: 5.4023399 | U5: 0
A6: T4 | B6: 720000 | C6: 3937500 | D6: 720000 | E6: 3937500 | F6: 5.4379618 | G6: 5.4379618 | H6: 0 | I6: 0 | J6: 0 | N6: T4 | O6: 720000 | P6: 4657500 | Q6: 5.4379618 | R6: 720000 | S6: 4657500 | T6: 5.4379618 | U6: 0
A7: T5 | B7: 1200000 | C7: 2624737.5 | D7: 1200000 | E7: 2624737.5 | F7: 6.1429453 | G7: 6.1429453 | H7: 0 | I7: 0 | J7: 0 | N7: T5 | O7: 1200000 | P7: 3824737.5 | Q7: 6.1429453 | R7: 1200000 | S7: 3824737.5 | T7: 6.1429453 | U7: 0
A8: T6 | B8: 360000 | C8: 7875000 | D8: 360000 | E8: 7875000 | F8: 5.2285714 | G8: 5.2285714 | H8: 0 | I8: 0 | J8: 0 | N8: T6 | O8: 360000 | P8: 8235000 | Q8: 5.2285714 | R8: 360000 | S8: 8235000 | T8: 5.2285714 | U8: 0
A9: Total | B9: 3600000 | C9: 32680987 | D9: 3600000 | E9: 32680988 | F9: - | G9: - | H9: 0 | I9: 0 | J9: 0 | N9: Total | O9: 3960000 | P9: 40555988 | Q9: - | R9: 3600000 | S9: 3960000 | T9: - | U9: -
P10: =P9/1000000 -> 40.555988
