Workbook

Sheet T1
A1: Timestep | B1: Time [yyyy/MM/dd HH:mm] | C1: Q-DFLOWFM [m3/s] | D1: Q-SOBEK3 [m3/s] | E1: Q-Analytical [m3/s] | F1: DFLOWFM-SOBEK3 | G1: DFLOWFM-Analytical
A2: 1 | B2: 35065 | C2: ='T1 Full'!A2 -> 0 | D2: ='T1 Full'!B2 -> 0 | E2: ='T1 Full'!C2 -> 0 | F2: =C2-D2 -> 0 | G2: =C2-E2 -> 0
A3: 19 | B3: 35065.25 | C3: ='T1 Full'!A20 -> 5.9591338 | D3: ='T1 Full'!B20 -> 5.9592534 | E3: ='T1 Full'!C20 -> 5.9591339 | F3: =C3-D3 -> -0.00011958187 | G3: =C3-E3 -> -5.034903e-08
A4: 37 | B4: 35065.5 | C4: ='T1 Full'!A38 -> 7.8463849 | D4: ='T1 Full'!B38 -> 7.8465155 | E4: ='T1 Full'!C38 -> 7.846385 | F4: =C4-D4 -> -0.00013054058 | G4: =C4-E4 -> -5.03415e-08
A5: 55 | B5: 35065.75 | C5: ='T1 Full'!A56 -> 8.9359891 | D5: ='T1 Full'!B56 -> 8.9361086 | E5: ='T1 Full'!C56 -> 8.9359892 | F5: =C5-D5 -> -0.00011947472 | G5: =C5-E5 -> -5.033667e-08
A6: 73 | B6: 35066 | C6: ='T1 Full'!A74 -> 9.5754429 | D6: ='T1 Full'!B74 -> 9.5755475 | E6: ='T1 Full'!C74 -> 9.5754435 | F6: =C6-D6 -> -0.00010461597 | G6: =C6-E6 -> -6.13303e-07
A7: 91 | B7: 35066.25 | C7: ='T1 Full'!A92 -> 10.176676 | D7: ='T1 Full'!B92 -> 10.176737 | E7: ='T1 Full'!C92 -> 10.176677 | F7: =C7-D7 -> -6.0522412e-05 | G7: =C7-E7 -> -6.206777e-07
A8: 109 | B8: 35066.5 | C8: ='T1 Full'!A110 -> 10.177009 | D8: ='T1 Full'!B110 -> 10.177068 | E8: ='T1 Full'!C110 -> 10.177013 | F8: =C8-D8 -> -5.926771e-05 | G8: =C8-E8 -> -3.8182424e-06
A9: 127 | B9: 35066.75 | C9: ='T1 Full'!A128 -> 10.177009 | D9: ='T1 Full'!B128 -> 10.177068 | E9: ='T1 Full'!C128 -> 10.177013 | F9: =C9-D9 -> -5.926771e-05 | G9: =C9-E9 -> -3.8182424e-06
A10: 145 | B10: 35067 | C10: ='T1 Full'!A146 -> 0 | D10: ='T1 Full'!B146 -> 0 | E10: ='T1 Full'!C146 -> 0 | F10: =C10-D10 -> 0 | G10: =C10-E10 -> 0
A11: 163 | B11: 35067.25 | C11: ='T1 Full'!A164 -> -10.177009 | D11: ='T1 Full'!B164 -> -10.177068 | E11: ='T1 Full'!C164 -> -10.177013 | F11: =C11-D11 -> 5.926771e-05 | G11: =C11-E11 -> 3.8182424e-06
A12: 181 | B12: 35067.5 | C12: ='T1 Full'!A182 -> -10.177009 | D12: ='T1 Full'!B182 -> -10.177068 | E12: ='T1 Full'!C182 -> -10.177013 | F12: =C12-D12 -> 5.9267709e-05 | G12: =C12-E12 -> 3.8182423e-06
A13: 199 | B13: 35067.75 | C13: ='T1 Full'!A200 -> -10.176676 | D13: ='T1 Full'!B200 -> -10.176737 | E13: ='T1 Full'!C200 -> -10.176677 | F13: =C13-D13 -> 6.0522413e-05 | G13: =C13-E13 -> 6.206778e-07
A14: 217 | B14: 35068 | C14: ='T1 Full'!A218 -> -9.5754429 | D14: ='T1 Full'!B218 -> -9.5755475 | E14: ='T1 Full'!C218 -> -9.5754435 | F14: =C14-D14 -> 0.00010461597 | G14: =C14-E14 -> 6.1330299e-07
A15: 235 | B15: 35068.25 | C15: ='T1 Full'!A236 -> -8.9359891 | D15: ='T1 Full'!B236 -> -8.9361086 | E15: ='T1 Full'!C236 -> -8.9359892 | F15: =C15-D15 -> 0.00011947472 | G15: =C15-E15 -> 5.0336821e-08
A16: 253 | B16: 35068.5 | C16: ='T1 Full'!A254 -> -7.8463849 | D16: ='T1 Full'!B254 -> -7.8465155 | E16: ='T1 Full'!C254 -> -7.846385 | F16: =C16-D16 -> 0.00013054058 | G16: =C16-E16 -> 5.034174e-08
A17: 271 | B17: 35068.75 | C17: ='T1 Full'!A272 -> -5.9591338 | D17: ='T1 Full'!B272 -> -5.9592534 | E17: ='T1 Full'!C272 -> -5.9591339 | F17: =C17-D17 -> 0.00011958187 | G17: =C17-E17 -> 5.034856e-08

Sheet T1 Full
A1: D-Flow FM | B1: Sobek-3 | C1: Analytical
A2: 0 | B2: 0 | C2: 0
A3: 3.5879509 | B3: 3.5890772 | C3: 3.6128908
A4: 4.9757465 | B4: 4.9762617 | C4: 4.9863141
A5: 5.9500084 | B5: 5.950354 | C5: 5.9561073
A6: 5.9591338 | B6: 5.9592534 | C6: 5.9591339
A7: 5.9591338 | B7: 5.9592534 | C7: 5.9591339
A8: 5.9591338 | B8: 5.9592534 | C8: 5.9591339
A9: 5.9591338 | B9: 5.9592534 | C9: 5.9591339
A10: 5.9591338 | B10: 5.9592534 | C10: 5.9591339
A11: 5.9591338 | B11: 5.9592534 | C11: 5.9591339
A12: 5.9591338 | B12: 5.9592534 | C12: 5.9591339
A13: 5.9591338 | B13: 5.9592534 | C13: 5.9591339
... A279: -0.021805717 | B279: -0.020228591 | C279: -0.019243958

Sheet T2
A1: Timestep | B1: Time [yyyy/MM/dd HH:mm] | C1: Q-DFLOWFM result for weir [m3/s] | D1: Q-SOBEK3 [m3/s] | E1: Q-Analytical [m3/s] | F1: DFLOWFM-SOBEK3 | G1: DFLOWFM-Analytical
A2: 1 | B2: 35065 | C2: ='T2 Full'!A2 -> 0 | D2: ='T2 Full'!B2 -> 0 | E2: ='T2 Full'!C2 -> 0 | F2: =C2-D2 -> 0 | G2: =C2-E2 -> 0
A3: 19 | B3: 35065.25 | C3: ='T2 Full'!A20 -> 5.9591338 | D3: ='T2 Full'!B20 -> 5.9592534 | E3: ='T2 Full'!C20 -> 5.9590142 | F3: =C3-D3 -> -0.00011958187 | G3: =C3-E3 -> 0.00011959078
A4: 37 | B4: 35065.5 | C4: ='T2 Full'!A38 -> 7.8463849 | D4: ='T2 Full'!B38 -> 7.8465155 | E4: ='T2 Full'!C38 -> 7.8462543 | F4: =C4-D4 -> -0.00013054058 | G4: =C4-E4 -> 0.00013061168
A5: 55 | B5: 35065.75 | C5: ='T2 Full'!A56 -> 8.9359891 | D5: ='T2 Full'!B56 -> 8.9361086 | E5: ='T2 Full'!C56 -> 8.9358696 | F5: =C5-D5 -> -0.00011947472 | G5: =C5-E5 -> 0.00011957281
A6: 73 | B6: 35066 | C6: ='T2 Full'!A74 -> 9.5754429 | D6: ='T2 Full'!B74 -> 9.5755475 | E6: ='T2 Full'!C74 -> 9.5753387 | F6: =C6-D6 -> -0.00010461597 | G6: =C6-E6 -> 0.00010415221
A7: 91 | B7: 35066.25 | C7: ='T2 Full'!A92 -> 10.176676 | D7: ='T2 Full'!B92 -> 10.176737 | E7: ='T2 Full'!C92 -> 10.176616 | F7: =C7-D7 -> -6.0522412e-05 | G7: =C7-E7 -> 5.9988323e-05
A8: 109 | B8: 35066.5 | C8: ='T2 Full'!A110 -> 10.177009 | D8: ='T2 Full'!B110 -> 10.177068 | E8: ='T2 Full'!C110 -> 10.176953 | F8: =C8-D8 -> -5.926771e-05 | G8: =C8-E8 -> 5.5531096e-05
A9: 127 | B9: 35066.75 | C9: ='T2 Full'!A128 -> 10.177009 | D9: ='T2 Full'!B128 -> 10.177068 | E9: ='T2 Full'!C128 -> 10.176953 | F9: =C9-D9 -> -5.926771e-05 | G9: =C9-E9 -> 5.5531096e-05
A10: 145 | B10: 35067 | C10: ='T2 Full'!A146 -> 0 | D10: ='T2 Full'!B146 -> 0 | E10: ='T2 Full'!C146 -> 0 | F10: =C10-D10 -> 0 | G10: =C10-E10 -> 0
A11: 163 | B11: 35067.25 | C11: ='T2 Full'!A164 -> -10.177009 | D11: ='T2 Full'!B164 -> -10.177068 | E11: ='T2 Full'!C164 -> -10.176953 | F11: =C11-D11 -> 5.926771e-05 | G11: =C11-E11 -> -5.5531096e-05
A12: 181 | B12: 35067.5 | C12: ='T2 Full'!A182 -> -10.177009 | D12: ='T2 Full'!B182 -> -10.177068 | E12: ='T2 Full'!C182 -> -10.176953 | F12: =C12-D12 -> 5.9267709e-05 | G12: =C12-E12 -> -5.5531096e-05
A13: 199 | B13: 35067.75 | C13: ='T2 Full'!A200 -> -10.176676 | D13: ='T2 Full'!B200 -> -10.176737 | E13: ='T2 Full'!C200 -> -10.176616 | F13: =C13-D13 -> 6.0522413e-05 | G13: =C13-E13 -> -5.9988323e-05
A14: 217 | B14: 35068 | C14: ='T2 Full'!A218 -> -9.5754429 | D14: ='T2 Full'!B218 -> -9.5755475 | E14: ='T2 Full'!C218 -> -9.5753387 | F14: =C14-D14 -> 0.00010461597 | G14: =C14-E14 -> -0.00010415221
A15: 235 | B15: 35068.25 | C15: ='T2 Full'!A236 -> -8.9359891 | D15: ='T2 Full'!B236 -> -8.9361086 | E15: ='T2 Full'!C236 -> -8.9358696 | F15: =C15-D15 -> 0.00011947472 | G15: =C15-E15 -> -0.00011957281
A16: 253 | B16: 35068.5 | C16: ='T2 Full'!A254 -> -7.8463849 | D16: ='T2 Full'!B254 -> -7.8465155 | E16: ='T2 Full'!C254 -> -7.8462543 | F16: =C16-D16 -> 0.00013054058 | G16: =C16-E16 -> -0.00013061168
A17: 271 | B17: 35068.75 | C17: ='T2 Full'!A272 -> -5.9591338 | D17: ='T2 Full'!B272 -> -5.9592534 | E17: ='T2 Full'!C272 -> -5.9590142 | F17: =C17-D17 -> 0.00011958187 | G17: =C17-E17 -> -0.00011959078

Sheet T2 Full
A1: D-Flow FM | B1: Sobek-3 | C1: Analytical
A2: 0 | B2: 0 | C2: 0
A3: 3.5879509 | B3: 3.5890772 | C3: 3.6061997
A4: 4.9757465 | B4: 4.9762617 | C4: 4.9856013
A5: 5.9500084 | B5: 5.950354 | C5: 5.9556842
A6: 5.9591338 | B6: 5.9592534 | C6: 5.9590142
A7: 5.9591338 | B7: 5.9592534 | C7: 5.9590142
A8: 5.9591338 | B8: 5.9592534 | C8: 5.9590142
A9: 5.9591338 | B9: 5.9592534 | C9: 5.9590142
A10: 5.9591338 | B10: 5.9592534 | C10: 5.9590142
A11: 5.9591338 | B11: 5.9592534 | C11: 5.9590142
A12: 5.9591338 | B12: 5.9592534 | C12: 5.9590142
A13: 5.9591338 | B13: 5.9592534 | C13: 5.9590142
... A279: -0.021805717 | B279: -0.020228591 | C279: -0.030998341
